{"iter": 1200, "loss": 0.822672963142395, "_timestamp": 1713141958.1403785, "_runtime": 43.00489354133606, "_step": 239, "accy": 0.66, "_wandb": {"runtime": 41}}