{"iter": 12000, "loss": 0.43085020780563354, "_timestamp": 1713143514.5867407, "_runtime": 212.8918707370758, "_step": 2399, "accy": 0.88, "_wandb": {"runtime": 213}}