{"iter": 1200, "loss": 0.7273537516593933, "_timestamp": 1680839348.936367, "_runtime": 12.063892126083374, "_step": 239, "accy": 0.76, "_wandb": {"runtime": 11}}