{"iter": 1200, "loss": 0.7273537516593933, "_timestamp": 1681011568.030423, "_runtime": 12.873673915863037, "_step": 239, "accy": 0.76, "_wandb": {"runtime": 11}}