{"iter": 12000, "loss": 0.24579444527626038, "_timestamp": 1712170187.153077, "_runtime": 102.33515286445618, "_step": 2399, "accy": 0.92, "_wandb": {"runtime": 102}}