{"iter": 1200, "loss": 0.45275965332984924, "_timestamp": 1713142048.1193101, "_runtime": 28.085020065307617, "_step": 239, "accy": 0.88, "_wandb": {"runtime": 26}}