{"iter": 1200, "loss": 0.8650664687156677, "_timestamp": 1713142132.488086, "_runtime": 44.639983892440796, "_step": 239, "accy": 0.72, "_wandb": {"runtime": 41}}