{"iter": 12000, "loss": 0.24579444527626038, "_timestamp": 1681011686.1132002, "_runtime": 85.38640117645264, "_step": 2399, "accy": 0.92, "_wandb": {"runtime": 85}}